plane,depth_cm,N,sum,sum2
0,0,5000000,4110.5114497932918,16.238901233773376
1,10,5000000,2548.3002737005045,10.818173012706392
2,20,5000000,1286.9154046628098,5.5785766270038017
3,30,5000000,628.80301989536986,2.7812845565939583
4,40,5000000,305.20175040945617,1.3783162566017859
5,50,5000000,148.87783686446818,0.68469302208302141
6,60,5000000,73.428213924382078,0.34563368550443296
7,70,5000000,36.218858310358243,0.16967755228844564
8,80,5000000,18.204905196853169,0.087671286296136228
9,90,5000000,8.86619015997654,0.042182316382838987
10,100,5000000,4.4347833635289762,0.020685715346737979
11,110,5000000,2.2057470916339597,0.01105848441923072
12,120,5000000,1.1274700649160065,0.0055567951301703014
13,130,5000000,0.58443384245785324,0.0030088900099348561
14,140,5000000,0.27188997426290318,0.0013269943949778546
15,150,5000000,0.13900768837903829,0.00072781257458265271
16,160,5000000,0.066693243102951813,0.00033773769114918141
17,170,5000000,0.030414219370673148,0.00018951575770564718
18,180,5000000,0.0041841115840621996,1.3965144493586674e-05
19,190,5000000,0.0038451386921783581,1.4785091562087095e-05
20,200,5000000,0.0038451386921783581,1.4785091562087095e-05
