depth_cm,T_Hstar10
0.000000000000000000e+00,1.062573408025329069e+00
1.000000000000000000e+01,6.565860035980662923e-01
2.000000000000000000e+01,3.314406704204744258e-01
3.000000000000000000e+01,1.617136549643902188e-01
4.000000000000000000e+01,7.864011421125205459e-02
5.000000000000000000e+01,3.838444437950479932e-02
6.000000000000000000e+01,1.886917228574070543e-02
7.000000000000000000e+01,9.366298140736341316e-03
8.000000000000000000e+01,4.665815252723712857e-03
9.000000000000000000e+01,2.330513071644709899e-03
1.000000000000000000e+02,1.171604600860851227e-03
1.100000000000000000e+02,5.916205806563631106e-04
1.200000000000000000e+02,2.995772630794599450e-04
1.300000000000000000e+02,1.520502975936610407e-04
1.400000000000000000e+02,7.721239814329993703e-05
1.500000000000000000e+02,3.945105067089198068e-05
1.600000000000000000e+02,2.026225476492323857e-05
1.700000000000000000e+02,1.038900724320303643e-05
1.800000000000000000e+02,5.338629556435213229e-06
1.900000000000000000e+02,2.755081589624287970e-06
2.000000000000000000e+02,1.303899217196048675e-06
