run,depth_cm,T_Hstar10,sigma_perhistory,sigma_histogram
v5_1M,0,1.066945e+00,2.078981e-03,2.240861e-03
v5_1M,10,6.585004e-01,1.745163e-03,1.729339e-03
v5_1M,20,3.333602e-01,1.141543e-03,8.777600e-04
v5_1M,30,1.632381e-01,6.898802e-04,4.404480e-04
v5_1M,40,7.940905e-02,4.000333e-04,2.197958e-04
v5_1M,50,3.880765e-02,2.267772e-04,1.096487e-04
v5_1M,60,1.925216e-02,1.273445e-04,5.514680e-05
v5_1M,70,9.521902e-03,7.034310e-05,2.759613e-05
v5_1M,80,4.754732e-03,3.883880e-05,1.392276e-05
v5_1M,90,2.383581e-03,2.124299e-05,7.003433e-06
v5_1M,100,1.197473e-03,1.157010e-05,3.530255e-06
v5_1M,110,6.022216e-04,6.247699e-06,1.774328e-06
v5_1M,120,3.044388e-04,3.365691e-06,8.955612e-07
v5_1M,130,1.543118e-04,1.809638e-06,4.518639e-07
v5_1M,140,7.852812e-05,9.787173e-07,2.292294e-07
v5_1M,150,4.005743e-05,5.260699e-07,1.162383e-07
v5_1M,160,2.053053e-05,2.836992e-07,5.892609e-08
v5_1M,170,1.055722e-05,1.534395e-07,3.001067e-08
v5_1M,180,5.406776e-06,8.240153e-08,1.521150e-08
v5_1M,190,2.769974e-06,4.405337e-08,7.729599e-09
v5_1M,200,1.301500e-06,2.190856e-08,3.847018e-09
v5_2M,0,1.063201e+00,1.464406e-03,1.579155e-03
v5_2M,10,6.566960e-01,1.235565e-03,1.222145e-03
v5_2M,20,3.338506e-01,8.081792e-04,6.209555e-04
v5_2M,30,1.630368e-01,4.873471e-04,3.112057e-04
v5_2M,40,7.917034e-02,2.816904e-04,1.549494e-04
v5_2M,50,3.877199e-02,1.603462e-04,7.762209e-05
v5_2M,60,1.907397e-02,8.964215e-05,3.885925e-05
v5_2M,70,9.476007e-03,4.974167e-05,1.954274e-05
v5_2M,80,4.715529e-03,2.728927e-05,9.784895e-06
v5_2M,90,2.365434e-03,1.493223e-05,4.932440e-06
v5_2M,100,1.182713e-03,8.087869e-06,2.475690e-06
v5_2M,110,5.994906e-04,4.403177e-06,1.253084e-06
v5_2M,120,3.037845e-04,2.385834e-06,6.329274e-07
v5_2M,130,1.543659e-04,1.291626e-06,3.199771e-07
v5_2M,140,7.850808e-05,6.926600e-07,1.618606e-07
v5_2M,150,4.002820e-05,3.707915e-07,8.192685e-08
v5_2M,160,2.040150e-05,1.980105e-07,4.146782e-08
v5_2M,170,1.042785e-05,1.062263e-07,2.102179e-08
v5_2M,180,5.353785e-06,5.707891e-08,1.068105e-08
v5_2M,190,2.745748e-06,3.058892e-08,5.415682e-09
v5_2M,200,1.296440e-06,1.529149e-08,2.716065e-09
v5_analog,0,1.061665e+00,9.262032e-04,9.984078e-04
v5_analog,10,6.581765e-01,7.968871e-04,7.857731e-04
v5_analog,20,3.323853e-01,5.916457e-04,5.633399e-04
v5_analog,30,1.624076e-01,4.245717e-04,3.981518e-04
v5_analog,40,7.882769e-02,3.011697e-04,2.808174e-04
v5_analog,50,3.845226e-02,2.130244e-04,1.983817e-04
v5_analog,60,1.896508e-02,1.516077e-04,1.411728e-04
v5_analog,70,9.354629e-03,1.063085e-04,9.936750e-05
v5_analog,80,4.701974e-03,7.644627e-05,7.086058e-05
v5_analog,90,2.289965e-03,5.303665e-05,4.938955e-05
v5_analog,100,1.145419e-03,3.714376e-05,3.472190e-05
v5_analog,110,5.697017e-04,2.715942e-05,2.511126e-05
v5_analog,120,2.912037e-04,1.925281e-05,1.781309e-05
v5_analog,130,1.509479e-04,1.416740e-05,1.270323e-05
v5_analog,140,7.022391e-05,9.408578e-06,8.846798e-06
v5_analog,150,3.590299e-05,6.967877e-06,6.563739e-06
v5_analog,160,1.722557e-05,4.746583e-06,4.466503e-06
v5_analog,170,7.855403e-06,3.555611e-06,3.047966e-06
v5_analog,180,1.080675e-06,9.651938e-07,9.612422e-07
v5_analog,190,9.931248e-07,9.931248e-07,9.931244e-07
v5_analog,200,9.931248e-07,9.931248e-07,9.931244e-07
