E_MeV,weight
1.250000000000000000e-01,1.020542466185972138e-03
3.750000000000000000e-01,3.217720938694912380e-02
6.250000000000000000e-01,1.145059447187951884e-01
8.750000000000000000e-01,1.145059447187951884e-01
1.125000000000000000e+00,1.102044273295308963e-01
1.375000000000000000e+00,1.014862660560915120e-01
1.625000000000000000e+00,1.014862660560915120e-01
1.875000000000000000e+00,6.202282154744565013e-02
2.125000000000000000e+00,5.882260808414212228e-02
2.375000000000000000e+00,4.638703365576052340e-02
2.625000000000000000e+00,3.435114741255920756e-02
2.875000000000000000e+00,3.240994676379949091e-02
3.125000000000000000e+00,3.687928449685373006e-02
3.375000000000000000e+00,2.359230318056911718e-02
3.625000000000000000e+00,3.096994635421351089e-02
3.875000000000000000e+00,2.428053055965182297e-02
4.125000000000000000e+00,2.209112970917499058e-02
4.375000000000000000e+00,1.280681886647007557e-02
4.625000000000000000e+00,1.039470762519077718e-02
4.875000000000000000e+00,1.193327112136711998e-02
5.125000000000000000e+00,4.036505340523819339e-03
5.375000000000000000e+00,6.746047396881332293e-03
5.625000000000000000e+00,2.979584988831129790e-03
5.875000000000000000e+00,3.909712164126126835e-03
